Latitude	Longitude	B02	B03	B04	B05	B06	B08	B11	B12	clase
4.999432938326142	-73.81943800556802	0.0207	0.0359	0.0164	0.0174	0.0085	0.0212	0.0038	0.0057	agua
4.999431481835253	-73.818629573094	0.0188	0.0327	0.0144	0.0141	0.0059	0.0054	0.0015	0.003	agua
4.99862695611583	-73.82024788309515	0.0182	0.0305	0.0137	0.0139	0.0057	0.0051	0.0022	0.0029	agua
4.998625500857645	-73.81943945137223	0.0213	0.0381	0.0168	0.0171	0.0066	0.0027	0.0017	0.0026	agua
4.9986240446031385	-73.81863101988772	0.0179	0.0296	0.0126	0.0122	0.0048	0.005	0.0011	0.0027	agua
4.997820972416662	-73.82105775864538	0.0181	0.0324	0.014	0.0144	0.0059	0.0044	0.0014	0.0028	agua
4.997819518390858	-73.82024932767357	0.0208	0.0375	0.0168	0.0156	0.0066	0.0051	0.0018	0.0027	agua
4.997818063368893	-73.81944089693997	0.0208	0.0382	0.0168	0.0177	0.0061	0.0059	0.0016	0.0033	agua
4.997816607350767	-73.81863246644481	0.0173	0.0296	0.0129	0.0132	0.0047	0.0041	0.0011	0.0035	agua
4.997013534435385	-73.8210592019983	0.0229	0.0414	0.0183	0.0177	0.0072	0.0053	0.0013	0.0031	agua
4.9970120806456375	-73.82025077201564	0.022	0.0392	0.0181	0.0179	0.008	0.0058	0.0029	0.0037	agua
4.997010625859891	-73.81944234227126	0.0169	0.0284	0.0133	0.0134	0.0069	0.0065	0.0023	0.0033	agua
4.997009170078147	-73.81863391276526	0.0166	0.0271	0.0117	0.0116	0.0057	0.0035	0.0023	0.0033	agua
4.996206096433858	-73.82106064511504	0.0219	0.039	0.0171	0.0176	0.0069	0.0055	0.0014	0.003	agua
4.996204642880168	-73.82025221612143	0.0217	0.0367	0.0172	0.0172	0.0079	0.0068	0.0027	0.0054	agua
4.99620318833064	-73.81944378736605	0.0128	0.0176	0.0078	0.0086	0.006	0.0079	0.0025	0.0042	agua
4.941354160347209	-73.85187615853924	0.029	0.0552	0.0277	0.0355	0.0173	0.0114	0.0053	0.0064	agua
4.94054671210762	-73.85187754820574	0.0248	0.0513	0.0235	0.0314	0.0136	0.0105	0.0023	0.0018	agua
4.940545312259381	-73.85106917813523	0.0252	0.0529	0.0241	0.0326	0.0135	0.0112	0.0015	0.0021	agua
4.94054391142641	-73.85026080829668	0.0255	0.0531	0.0243	0.032	0.0135	0.0099	0.0019	0.0014	agua
4.939740662481825	-73.85268730696687	0.0282	0.0562	0.0275	0.0364	0.0152	0.0117	0.0034	0.0035	agua
4.939739263848032	-73.85187893764235	0.0279	0.0563	0.0276	0.0367	0.0146	0.0128	0.0036	0.0028	agua
4.939737864229667	-73.8510705685496	0.029	0.0581	0.0283	0.0381	0.0161	0.0105	0.0035	0.0025	agua
4.939736463626729	-73.85026219968879	0.0299	0.0604	0.0294	0.0403	0.0183	0.0112	0.0034	0.004	agua
4.939735062039224	-73.84945383106009	0.0281	0.0583	0.0279	0.0376	0.0159	0.0115	0.0032	0.0029	agua
4.938933213972531	-73.852688695196	0.0279	0.0579	0.0277	0.0375	0.0154	0.0111	0.0031	0.0031	agua
4.9389318155684485	-73.85188032684906	0.0288	0.0588	0.0285	0.0387	0.0147	0.0106	0.0032	0.0037	agua
4.938930416179956	-73.8510719587339	0.0305	0.0605	0.0302	0.0408	0.0172	0.0126	0.0045	0.0046	agua
4.938929015807055	-73.85026359085067	0.0312	0.062	0.0315	0.0422	0.0183	0.0141	0.0046	0.0041	agua
4.938927614449746	-73.84945522319957	0.0303	0.06	0.0301	0.04	0.016	0.0144	0.0045	0.0045	agua
4.9381271626333625	-73.85349845079651	0.0268	0.0561	0.0264	0.0359	0.0136	0.0098	0.0017	0.0024	agua
4.938125765443244	-73.85269008319537	0.0284	0.0594	0.0281	0.0388	0.014	0.011	0.0021	0.0022	agua
4.9381243672688715	-73.85188171582585	0.0289	0.0606	0.0293	0.0396	0.0151	0.0118	0.0026	0.0025	agua
4.938122968110251	-73.85107334868812	0.0277	0.0587	0.0281	0.0381	0.0138	0.0137	0.0023	0.002	agua
4.938121567967384	-73.85026498178233	0.0291	0.0603	0.0296	0.04	0.0162	0.0144	0.0024	0.0031	agua
4.937319713854538	-73.85349983758888	0.0277	0.0586	0.0279	0.0384	0.0135	0.0104	0.0015	0.0022	agua
4.937318316893967	-73.85269147096503	0.028	0.0586	0.0281	0.0382	0.0138	0.0109	0.0019	0.0023	agua
4.937316918949308	-73.85188310457278	0.0286	0.0594	0.0284	0.039	0.0144	0.0122	0.0025	0.0014	agua
4.93651226505573	-73.8535012241517	0.0274	0.0581	0.028	0.0375	0.0131	0.0109	0.002	0.0015	agua
4.936510868324706	-73.85269285850495	0.0282	0.0589	0.0288	0.0383	0.0136	0.0119	0.0024	0.0032	agua
4.934109359870598	-73.86482248472032	0.0255	0.0532	0.025	0.0328	0.0122	0.0109	0.0018	0.0015	agua
4.933303288858681	-73.86563222188882	0.026	0.0531	0.0246	0.0326	0.0116	0.0092	0.0021	0.0018	agua
4.933301907795213	-73.8648238566943	0.0261	0.0541	0.0255	0.0335	0.0121	0.0091	0.0014	0.0019	agua
4.933300525748447	-73.86401549172894	0.0271	0.0564	0.0269	0.0364	0.0127	0.0098	0.0012	0.0016	agua
4.932497216389425	-73.86644195710639	0.027	0.0581	0.0266	0.038	0.0175	0.013	0.0022	0.0025	agua
4.932495836536217	-73.86563359265918	0.0259	0.0543	0.0248	0.0331	0.0119	0.0092	0.0018	0.002	agua
4.932494455699871	-73.86482522844098	0.0267	0.0557	0.0262	0.0351	0.013	0.0085	0.0016	0.0012	agua
4.932493073880384	-73.86401686445194	0.0274	0.0573	0.0276	0.0377	0.0136	0.0098	0.0014	0.0012	agua
4.93249169107776	-73.86320850069222	0.0272	0.0564	0.0279	0.0369	0.012	0.0109	0.0015	0.0019	agua
4.9324903072919986	-73.86240013716198	0.0277	0.0587	0.0286	0.0393	0.0151	0.0103	0.0021	0.002	agua
4.931691142463312	-73.86725169037334	0.0251	0.0525	0.0241	0.0315	0.0109	0.0068	0.0016	0.0017	agua
4.931689763820043	-73.86644332667346	0.0269	0.057	0.0262	0.0372	0.0165	0.0151	0.0021	0.0023	agua
4.931688384193795	-73.86563496320242	0.0254	0.0531	0.0249	0.0326	0.0112	0.0089	0.0015	0.0017	agua
4.9316870035845675	-73.86482659996037	0.0272	0.0561	0.0269	0.0355	0.0128	0.0087	0.0019	0.0018	agua
4.9316856219923615	-73.86401823694747	0.0275	0.0575	0.0276	0.0382	0.0138	0.0104	0.0017	0.0022	agua
4.931684239417181	-73.86320987416391	0.0269	0.0559	0.0271	0.0356	0.0124	0.0091	0.0018	0.0017	agua
4.931682855859025	-73.86240151160983	0.0273	0.0576	0.0278	0.0381	0.0145	0.0112	0.0019	0.0016	agua
4.931681471317895	-73.8615931492854	0.0275	0.0588	0.0284	0.0392	0.0151	0.0108	0.002	0.0021	agua
4.930880931831419	-73.86563633351852	0.0266	0.056	0.0265	0.0357	0.0134	0.0085	0.0018	0.0017	agua
4.930879551449311	-73.86482797125247	0.0272	0.0566	0.0277	0.0372	0.0137	0.0115	0.0025	0.0019	agua
4.930878170084386	-73.86401960921556	0.027	0.0569	0.0273	0.0372	0.0141	0.0129	0.0024	0.0014	agua
4.930876787736647	-73.86321124740799	0.0274	0.0581	0.0277	0.0388	0.0154	0.0114	0.0021	0.0022	agua
4.930875404406096	-73.86240288582991	0.0274	0.0582	0.0277	0.0383	0.0143	0.0095	0.0018	0.0013	agua
4.930072099294103	-73.86482934231725	0.0277	0.0579	0.0278	0.0385	0.015	0.0138	0.0027	0.0023	agua
4.930070718156458	-73.8640209812562	0.0273	0.0578	0.0277	0.0387	0.0141	0.0096	0.0019	0.0021	agua
4.940545312259381	-73.85106917813523	0.0252	0.0529	0.0241	0.0326	0.0135	0.0112	0.0015	0.0021	agua
4.94054391142641	-73.85026080829668	0.0255	0.0531	0.0243	0.032	0.0135	0.0099	0.0019	0.0014	agua
4.940542509608704	-73.84945243869025	0.0258	0.0529	0.0249	0.0324	0.0132	0.0088	0.0028	0.0027	agua
4.940541106806273	-73.84864406931608	0.0261	0.0546	0.0252	0.0353	0.0147	0.0123	0.0025	0.0024	agua
4.940539703019112	-73.84783570017436	0.0266	0.0551	0.0258	0.0341	0.0138	0.0113	0.0024	0.0032	agua
4.940538298247221	-73.84702733126521	0.0276	0.0567	0.0269	0.0355	0.0138	0.0107	0.0026	0.0035	agua
4.940536892490607	-73.84621896258885	0.0293	0.0593	0.0292	0.0384	0.0158	0.0122	0.0041	0.005	agua
4.940535485749268	-73.84541059414542	0.0303	0.0614	0.0308	0.041	0.0169	0.0137	0.0047	0.0064	agua
4.940534078023205	-73.84460222593506	0.0297	0.0595	0.0293	0.0393	0.0147	0.0116	0.0032	0.0034	agua
4.939736463626729	-73.85026219968879	0.0299	0.0604	0.0294	0.0403	0.0183	0.0112	0.0034	0.004	agua
4.939735062039224	-73.84945383106009	0.0281	0.0583	0.0279	0.0376	0.0159	0.0115	0.0032	0.0029	agua
4.93973365946715	-73.84864546266367	0.0266	0.0562	0.0257	0.0361	0.0147	0.0114	0.0027	0.0018	agua
4.939732255910508	-73.8478370944997	0.0268	0.0574	0.0264	0.0375	0.0155	0.0096	0.0024	0.002	agua
4.939730851369301	-73.84702872656831	0.0282	0.0591	0.0279	0.0375	0.0151	0.0105	0.003	0.0028	agua
4.939729445843531	-73.84622035886969	0.0292	0.0598	0.0296	0.039	0.0151	0.0119	0.0038	0.0042	agua
4.939728039333198	-73.84541199140398	0.0287	0.0594	0.029	0.0388	0.0145	0.0129	0.0035	0.0035	agua
4.938929015807055	-73.85026359085067	0.0312	0.062	0.0315	0.0422	0.0183	0.0141	0.0046	0.0041	agua
4.938927614449746	-73.84945522319957	0.0303	0.06	0.0301	0.04	0.016	0.0144	0.0045	0.0045	agua
4.938926212108029	-73.84864685578073	0.0319	0.0627	0.0323	0.0423	0.0186	0.0122	0.0057	0.0055	agua
4.938924808781908	-73.84783848859433	0.0299	0.0607	0.0298	0.0399	0.0159	0.014	0.0032	0.004	agua
4.938923404471384	-73.84703012164051	0.0288	0.0596	0.0286	0.0388	0.015	0.0117	0.0033	0.0036	agua
4.938921999176457	-73.84622175491948	0.0279	0.0594	0.0282	0.0386	0.0146	0.0117	0.0032	0.0032	agua
4.938120166840272	-73.84945661510865	0.0287	0.0602	0.0291	0.04	0.0153	0.0122	0.0034	0.0038	agua
4.938118764728912	-73.84864824866723	0.0276	0.0587	0.0278	0.0382	0.0135	0.0132	0.0016	0.0031	agua
4.938117361633312	-73.84783988245826	0.0277	0.0592	0.028	0.0385	0.0141	0.0109	0.0024	0.0034	agua
4.938115957553467	-73.84703151648186	0.0288	0.0596	0.0288	0.039	0.0144	0.0131	0.0029	0.0037	agua
4.937312719210809	-73.84945800678736	0.0269	0.0577	0.0273	0.037	0.0131	0.0122	0.002	0.0023	agua
4.93731131732981	-73.8486496413232	0.0269	0.0577	0.027	0.0371	0.0124	0.011	0.0019	0.0023	agua
4.937309914464726	-73.84784127609149	0.0279	0.0592	0.0283	0.0386	0.0131	0.0101	0.0023	0.0027	agua
4.936505271561359	-73.84945939823568	0.0266	0.0575	0.0269	0.0363	0.0126	0.0107	0.0015	0.0023	agua
4.936503869910713	-73.84865103374864	0.0263	0.0575	0.0266	0.0366	0.0124	0.0095	0.0015	0.0023	agua
5.009195288129418	-73.86065161242139	0.0158	0.0187	0.0187	0.024	0.0323	0.0369	0.039	0.0323	agua
5.008389246242482	-73.86146146604887	0.0066	0.0092	0.006	0.0128	0.0372	0.0592	0.0285	0.0188	agua
5.008387839062854	-73.86065301049764	0.0117	0.015	0.0134	0.0208	0.0347	0.0384	0.0352	0.0272	agua
5.007581796927675	-73.86146286290553	0.0108	0.0141	0.0103	0.0188	0.0383	0.0525	0.0309	0.022	agua
5.007580389976024	-73.86065440834568	0.0154	0.0177	0.0153	0.0218	0.036	0.0483	0.0312	0.0246	agua
5.007578982026203	-73.85984595401592	0.0163	0.0175	0.0167	0.021	0.0295	0.0429	0.0286	0.0238	agua
5.006774347592608	-73.86146425953413	0.0187	0.0209	0.0195	0.0259	0.0406	0.0446	0.0374	0.0296	agua
5.006772940868935	-73.86065580596548	0.0218	0.0229	0.0215	0.0248	0.033	0.056	0.0313	0.0269	agua
5.006771533147252	-73.85984735262691	0.0167	0.019	0.0194	0.0253	0.0359	0.0357	0.037	0.0288	agua
5.027700545729366	-73.82342959304914	0.0181	0.0251	0.0229	0.0459	0.1069	0.191	0.0955	0.0546	vegetacion
5.026893107792211	-73.8234310421549	0.0183	0.0256	0.02	0.0442	0.1118	0.1327	0.0961	0.0551	vegetacion
5.026891648273925	-73.82262257475071	0.0185	0.024	0.0191	0.0404	0.1075	0.1427	0.0888	0.0509	vegetacion
5.026890187753654	-73.82181410758432	0.0167	0.0225	0.0191	0.0387	0.1032	0.1614	0.0784	0.0436	vegetacion
5.026087128115557	-73.82424095767176	0.019	0.0266	0.0246	0.0492	0.1142	0.139	0.1029	0.0585	vegetacion
5.026085669834691	-73.82343249102495	0.016	0.0217	0.0191	0.0403	0.1051	0.1388	0.0832	0.0449	vegetacion
5.026084210551999	-73.82262402461578	0.0151	0.0205	0.0178	0.0398	0.1093	0.1498	0.0784	0.0414	vegetacion
5.025279689902245	-73.82424240531124	0.0174	0.0241	0.0188	0.0436	0.1278	0.1765	0.0836	0.0451	vegetacion
4.9493775345823225	-73.82276068641953	0.0222	0.0309	0.0234	0.0495	0.1243	0.1561	0.1084	0.0611	vegetacion
4.949376096691909	-73.82195231403652	0.0214	0.0311	0.0201	0.0486	0.1494	0.172	0.0993	0.0526	vegetacion
4.948571531588857	-73.82357048528846	0.0219	0.029	0.0255	0.0486	0.1144	0.148	0.1103	0.0636	vegetacion
4.948570094920442	-73.82276211364729	0.0223	0.0298	0.0259	0.0499	0.1178	0.1428	0.1137	0.0664	vegetacion
4.94856865726573	-73.82195374224376	0.021	0.0305	0.0208	0.0483	0.138	0.1568	0.0994	0.0539	vegetacion
4.948567218624718	-73.82114537107809	0.0199	0.0284	0.0199	0.0475	0.1372	0.1769	0.0937	0.0498	vegetacion
4.947766961578714	-73.82518865333724	0.0242	0.0328	0.0241	0.0508	0.1361	0.1784	0.1122	0.0629	vegetacion
4.947765527118121	-73.82438028220052	0.0192	0.0262	0.0196	0.0448	0.132	0.1588	0.0907	0.0476	vegetacion
4.947764091671387	-73.82357191130116	0.0187	0.0259	0.0193	0.0454	0.1315	0.1935	0.0908	0.0473	vegetacion
4.947762655238512	-73.8227635406393	0.0206	0.0279	0.0202	0.046	0.134	0.138	0.0946	0.051	vegetacion
4.947761217819499	-73.8219551702151	0.0204	0.032	0.0253	0.0574	0.1378	0.1641	0.1083	0.0598	vegetacion
4.946962386663416	-73.82680681818252	0.0366	0.0523	0.0523	0.0832	0.1457	0.1858	0.1565	0.1006	vegetacion
4.946960954410002	-73.82599844755077	0.0306	0.0438	0.0406	0.07	0.1396	0.1537	0.1399	0.0869	vegetacion
4.946959521170605	-73.82519007715605	0.0217	0.03	0.022	0.0488	0.1305	0.1547	0.1027	0.0555	vegetacion
4.946958086945227	-73.82438170699848	0.0194	0.0269	0.0207	0.0457	0.1242	0.1672	0.0943	0.0515	vegetacion
4.94695665173387	-73.82357333707829	0.0232	0.0314	0.0218	0.0498	0.1497	0.1596	0.1031	0.0554	vegetacion
4.9469552155365335	-73.82276496739559	0.0246	0.0349	0.0263	0.0591	0.1423	0.1956	0.1156	0.0647	vegetacion
4.946154945765323	-73.82680823980809	0.0148	0.0196	0.0198	0.0389	0.1	0.1821	0.0777	0.0421	vegetacion
4.9461535137468005	-73.82599987015533	0.0184	0.0256	0.023	0.0489	0.1208	0.1611	0.0986	0.0545	vegetacion
4.946152080742456	-73.8251915007396	0.0233	0.0362	0.0295	0.0658	0.1404	0.1758	0.1272	0.0736	vegetacion
4.946150646752293	-73.82438313156105	0.021	0.035	0.025	0.0629	0.1499	0.1641	0.1176	0.0658	vegetacion
4.946149211776311	-73.82357476261984	0.0265	0.0382	0.036	0.0679	0.1308	0.1894	0.1449	0.0927	vegetacion
4.945346073063558	-73.82600129252481	0.0181	0.0297	0.0202	0.0537	0.1378	0.1602	0.0971	0.0526	vegetacion
4.945344640294266	-73.82519292408792	0.0161	0.0235	0.0169	0.0424	0.1186	0.1851	0.0831	0.0446	vegetacion
4.945343206539317	-73.8243845558882	0.0187	0.0305	0.0209	0.0549	0.1457	0.1897	0.1015	0.054	vegetacion
4.944538632360281	-73.8260027146592	0.049	0.0708	0.0743	0.1037	0.1666	0.1466	0.1718	0.1161	vegetacion
4.919572462115609	-73.86323044892588	0.0156	0.0219	0.0213	0.0437	0.1013	0.1391	0.0893	0.0512	vegetacion
4.919571081971459	-73.86242210099466	0.0168	0.0231	0.0235	0.0465	0.1031	0.1389	0.0968	0.056	vegetacion
4.9187663890722915	-73.86404016594295	0.0141	0.0219	0.0192	0.0494	0.1358	0.1969	0.087	0.0428	vegetacion
4.918765010136126	-73.86323181875584	0.0147	0.0214	0.021	0.0452	0.1139	0.1311	0.0902	0.0502	vegetacion
4.918763630219572	-73.8624234717982	0.0183	0.0245	0.0242	0.0466	0.1096	0.1266	0.1035	0.0579	vegetacion
4.917958936845468	-73.86404153457191	0.0181	0.0264	0.0269	0.0506	0.1138	0.1357	0.1059	0.0611	vegetacion
4.917957558136737	-73.86323318835821	0.0189	0.0278	0.0292	0.0497	0.0996	0.1699	0.1134	0.0674	vegetacion
4.91795617844778	-73.86242484237395	0.0155	0.0211	0.0234	0.0438	0.095	0.1254	0.0987	0.0568	vegetacion
4.917150106117448	-73.86323455773297	0.0163	0.0237	0.0219	0.0442	0.0996	0.1234	0.1006	0.0586	vegetacion
4.917148726656085	-73.86242621272196	0.0154	0.0215	0.0215	0.0408	0.0981	0.1225	0.0963	0.054	vegetacion
4.916342654078261	-73.86323592688015	0.0144	0.0204	0.0204	0.0404	0.0965	0.1278	0.0906	0.0528	vegetacion
4.916341274844492	-73.86242758284222	0.015	0.0211	0.0226	0.0417	0.0928	0.1426	0.0974	0.0559	vegetacion
4.915533823013005	-73.86242895273472	0.0113	0.0166	0.0151	0.0349	0.094	0.1332	0.076	0.0403	vegetacion
5.024611617179883	-73.90428300291734	0.0188	0.0316	0.0204	0.0575	0.146	0.1751	0.1171	0.0631	vegetacion
5.024610258525726	-73.90347451554133	0.0195	0.0329	0.0209	0.0589	0.1516	0.19	0.117	0.0628	vegetacion
5.023805513852307	-73.90509283822273	0.0229	0.0384	0.0271	0.0682	0.1581	0.1888	0.1241	0.0693	vegetacion
5.023804156419047	-73.90428435162008	0.0207	0.0356	0.023	0.0641	0.1576	0.1893	0.1117	0.0594	vegetacion
5.023802797984306	-73.90347586523875	0.0283	0.0411	0.0359	0.0703	0.1423	0.1749	0.1472	0.0905	vegetacion
5.023801438548084	-73.90266737907889	0.0202	0.0307	0.0195	0.0541	0.1409	0.1755	0.0961	0.0508	vegetacion
5.022999409064605	-73.90590267154076	0.0232	0.0374	0.0291	0.0677	0.1514	0.1727	0.1258	0.0715	vegetacion
5.022998052851919	-73.90509418571145	0.0202	0.0347	0.0232	0.0627	0.1574	0.1827	0.1101	0.0579	vegetacion
5.022996695637913	-73.90428570010332	0.0208	0.0363	0.024	0.0656	0.164	0.2037	0.1139	0.0604	vegetacion
5.022995337422586	-73.90347721471649	0.0196	0.0297	0.021	0.0508	0.1255	0.1838	0.1028	0.0563	vegetacion
5.022993978205941	-73.90266872955114	0.0212	0.0344	0.0213	0.06	0.1506	0.1484	0.1063	0.0563	vegetacion
5.022193302817264	-73.90671250287173	0.0235	0.0375	0.0297	0.0684	0.1559	0.1727	0.1283	0.0718	vegetacion
5.022191947824831	-73.90590401781577	0.0188	0.0323	0.0211	0.0601	0.1572	0.196	0.1038	0.0533	vegetacion
5.022190591831236	-73.90509553298082	0.021	0.0349	0.0246	0.0628	0.1586	0.1909	0.1127	0.062	vegetacion
5.022189234836483	-73.90428704836702	0.0246	0.0364	0.0306	0.0656	0.1416	0.1885	0.1264	0.0758	vegetacion
5.02218787684057	-73.90347856397455	0.0182	0.0304	0.0182	0.0532	0.1409	0.1707	0.0949	0.0468	vegetacion
5.022186517843502	-73.90267007980354	0.0235	0.0392	0.0263	0.07	0.1668	0.1927	0.1176	0.0616	vegetacion
5.022185157845278	-73.9018615958542	0.0367	0.0531	0.0521	0.0907	0.1616	0.2493	0.1887	0.1257	vegetacion
5.021387195110775	-73.90752233221593	0.0359	0.0502	0.05	0.0832	0.1423	0.158	0.1715	0.1138	vegetacion
5.021385841338271	-73.90671384793335	0.0223	0.0355	0.0275	0.0629	0.1473	0.1647	0.1194	0.0673	vegetacion
5.0213844865647665	-73.9059053638716	0.018	0.0306	0.0197	0.0567	0.1474	0.1887	0.0999	0.0514	vegetacion
5.021383130790262	-73.90509688003084	0.0207	0.0334	0.0236	0.0625	0.1538	0.2044	0.1084	0.0589	vegetacion
5.021381774014761	-73.90428839641122	0.021	0.0299	0.0253	0.0514	0.1109	0.1348	0.1009	0.0573	vegetacion
5.021380416238263	-73.90347991301293	0.0208	0.0379	0.0234	0.0701	0.1791	0.1636	0.1238	0.0646	vegetacion
5.021379057460771	-73.9026714298361	0.0237	0.0417	0.0264	0.0748	0.1841	0.1986	0.1275	0.0675	vegetacion
5.021377697682285	-73.90186294688094	0.028	0.0434	0.0344	0.0779	0.1678	0.1965	0.1407	0.0799	vegetacion
5.021376336902805	-73.90105446414758	0.0305	0.0439	0.0395	0.0761	0.1528	0.192	0.1543	0.0941	vegetacion
5.020581085945627	-73.90833215957372	0.0252	0.0344	0.0322	0.0583	0.1076	0.1545	0.1128	0.0683	vegetacion
5.0205797333927284	-73.90752367606451	0.0299	0.0415	0.0395	0.072	0.1353	0.1745	0.143	0.0904	vegetacion
5.020578379838992	-73.90671519277596	0.0296	0.0441	0.0396	0.0753	0.1489	0.1663	0.1492	0.0931	vegetacion
5.020577025284415	-73.90590670970823	0.0316	0.0471	0.043	0.0789	0.156	0.1892	0.1552	0.0981	vegetacion
5.020575669729	-73.9050982268615	0.0182	0.0302	0.0192	0.0548	0.1423	0.1882	0.1005	0.0528	vegetacion
5.020574313172752	-73.9042897442359	0.0246	0.0372	0.0308	0.066	0.142	0.1744	0.1212	0.0723	vegetacion
5.020572955615669	-73.90348126183163	0.0167	0.0274	0.0183	0.0493	0.1155	0.2096	0.0794	0.0409	vegetacion
5.02057159705775	-73.90267277964884	0.0188	0.0338	0.02	0.0607	0.1564	0.2347	0.1065	0.0547	vegetacion
5.020570237499002	-73.90186429768768	0.0274	0.0429	0.0337	0.0759	0.1609	0.1969	0.1367	0.0794	vegetacion
5.019774975322306	-73.90914198494542	0.0169	0.0257	0.0215	0.0483	0.1195	0.1462	0.0823	0.0455	vegetacion
5.0197736239886925	-73.90833350220957	0.0323	0.0421	0.041	0.065	0.1099	0.1359	0.1292	0.0879	vegetacion
5.019772271654398	-73.90752501969422	0.0337	0.0455	0.0449	0.0769	0.1326	0.1401	0.1584	0.1036	vegetacion
5.019770918319427	-73.90671653739953	0.0336	0.0464	0.0439	0.0783	0.143	0.1701	0.1641	0.1079	vegetacion
5.019769563983779	-73.90590805532567	0.0272	0.0458	0.0324	0.0793	0.1796	0.2138	0.1577	0.0898	vegetacion
5.019768208647455	-73.90509957347281	0.0277	0.041	0.0347	0.0718	0.1504	0.1958	0.1359	0.0818	vegetacion
5.019766852310457	-73.90429109184107	0.0287	0.0393	0.0374	0.0668	0.1222	0.1308	0.1344	0.0878	vegetacion
5.019765494972786	-73.90348261043067	0.0241	0.0385	0.0282	0.0672	0.1462	0.1628	0.1142	0.064	vegetacion
5.018968863241304	-73.90995180833133	0.0202	0.0314	0.0259	0.0572	0.1249	0.1786	0.1033	0.0599	vegetacion
5.018967513126651	-73.90914332636885	0.0216	0.0335	0.0284	0.0625	0.1337	0.1497	0.1108	0.0634	vegetacion
5.01896616201148	-73.90833484462671	0.0292	0.0415	0.0401	0.0726	0.1338	0.1347	0.1435	0.0895	vegetacion
5.01896480989579	-73.90752636310506	0.0287	0.0416	0.0384	0.0734	0.1377	0.18	0.1477	0.0895	vegetacion
5.018963456779584	-73.9067178818041	0.0213	0.0379	0.0236	0.0667	0.1713	0.1517	0.1314	0.0691	vegetacion
5.018962102662864	-73.90590940072393	0.0223	0.0393	0.0244	0.0672	0.1589	0.1976	0.1162	0.0624	vegetacion
5.018960747545629	-73.90510091986475	0.0308	0.0436	0.0412	0.0755	0.1425	0.1456	0.15	0.094	vegetacion
5.018959391427881	-73.90429243922674	0.0273	0.042	0.0346	0.0746	0.1483	0.1728	0.1345	0.0796	vegetacion
5.018161400807094	-73.90995314854267	0.0248	0.037	0.0335	0.0664	0.1316	0.1665	0.1263	0.0751	vegetacion
5.018160050910722	-73.90914466757374	0.0233	0.0399	0.0281	0.0717	0.1629	0.1871	0.1256	0.066	vegetacion
5.0181587000139904	-73.90833618682515	0.0329	0.0457	0.0443	0.0774	0.1339	0.1904	0.1609	0.1039	vegetacion
5.018157348116905	-73.90752770629705	0.0245	0.0406	0.0313	0.0722	0.1467	0.1579	0.1338	0.0764	vegetacion
5.018155995219464	-73.90671922598962	0.0198	0.0341	0.0204	0.0603	0.1583	0.1782	0.1095	0.0559	vegetacion
5.018154641321669	-73.905910745903	0.0261	0.0427	0.0308	0.0752	0.1621	0.1982	0.1305	0.0739	vegetacion
5.018153286423523	-73.90510226603736	0.0271	0.0402	0.0348	0.0726	0.1485	0.1694	0.1334	0.0786	vegetacion
4.9608814907810785	-73.94076751899475	0.0885	0.1163	0.1169	0.1558	0.2402	0.1851	0.2327	0.176	vegetacion
4.960074018722172	-73.9407688061735	0.0389	0.0573	0.059	0.0954	0.167	0.1481	0.1827	0.1243	vegetacion
4.960072722112622	-73.93996038806645	0.0395	0.0617	0.0746	0.1093	0.1612	0.1999	0.235	0.1605	vegetacion
4.959266546643248	-73.94077009314012	0.0557	0.0765	0.066	0.1042	0.2062	0.2882	0.1834	0.1108	vegetacion
4.959265250245793	-73.93996167601486	0.0587	0.0873	0.0984	0.1395	0.1951	0.2417	0.2742	0.1839	vegetacion
4.95926395285974	-73.93915325910363	0.0633	0.0896	0.1085	0.1431	0.1961	0.2062	0.2697	0.1997	vegetacion
4.9584590745443045	-73.9407713798946	0.1309	0.1415	0.1288	0.156	0.2288	0.279	0.1877	0.1196	vegetacion
4.958457778358945	-73.93996296375096	0.1188	0.1349	0.1336	0.1656	0.2306	0.2892	0.2495	0.1726	vegetacion
4.95845648118515	-73.93915454782136	0.1286	0.1552	0.1965	0.2231	0.25	0.2125	0.2975	0.2715	vegetacion
4.958455183022917	-73.93834613210595	0.1122	0.133	0.1493	0.1736	0.2067	0.2389	0.2621	0.2295	vegetacion
4.957651602425348	-73.94077266643696	0.1018	0.11	0.1033	0.1368	0.2378	0.3376	0.2039	0.1236	vegetacion
4.957650306452086	-73.93996425127477	0.0556	0.0887	0.1041	0.1509	0.2263	0.2978	0.3084	0.2068	vegetacion
4.957649009490548	-73.93915583632662	0.0492	0.0769	0.0891	0.1272	0.1877	0.2037	0.2799	0.1924	vegetacion
4.957647711540735	-73.93834742159267	0.0559	0.0828	0.104	0.1373	0.1713	0.1919	0.3143	0.2332	vegetacion
4.957646412602646	-73.93753900707308	0.07	0.0953	0.1151	0.1433	0.177	0.2006	0.2816	0.2202	vegetacion
4.935672447812858	-73.83491028196624	0.0856	0.1124	0.1598	0.1815	0.198	0.2406	0.2831	0.265	urbano
4.9348650042945845	-73.83491169053558	0.0888	0.1212	0.159	0.1865	0.2237	0.1951	0.2996	0.2733	urbano
4.934863585400127	-73.83410333221087	0.0753	0.1027	0.1414	0.1737	0.2206	0.2717	0.2797	0.2378	urbano
4.937278802463065	-73.83005730012896	0.0503	0.0862	0.0712	0.1295	0.2901	0.335	0.2515	0.1526	urbano
4.937277376964489	-73.82924894028818	0.0791	0.1048	0.1589	0.1988	0.2575	0.3234	0.3577	0.3121	urbano
4.937275950481866	-73.82844058068376	0.0729	0.1034	0.1201	0.167	0.2578	0.2822	0.2733	0.2103	urbano
4.936469935122466	-73.82925035616357	0.0649	0.1002	0.0922	0.1396	0.2734	0.3853	0.2397	0.1532	urbano
4.936468508874243	-73.8284419975362	0.0585	0.0943	0.0847	0.1437	0.287	0.2533	0.2658	0.1721	urbano
5.047067298668417	-73.81692681180458	0.1845	0.188	0.1873	0.2123	0.2848	0.3439	0.2873	0.2068	urbano
5.046261335324074	-73.81773676422513	0.149	0.1499	0.1369	0.1686	0.2834	0.3287	0.2021	0.1165	urbano
5.046259863110358	-73.81692827456034	0.1461	0.1615	0.1655	0.2014	0.2739	0.2656	0.3189	0.2272	urbano
4.9816075002495745	-73.78551671472256	1.0481	0.9717	0.9179	0.9488	0.9068	0.8401	0.6484	0.5545	nube
4.980800072403007	-73.7855181967332	1.0766	1.0403	1.0234	1.0775	1.0533	1.0723	0.7132	0.5769	nube
4.980798579654032	-73.78470979713616	1.0881	1.0507	1.0328	1.0862	1.0563	1.0761	0.7469	0.6293	nube
4.980797085912357	-73.78390139778452	0.9751	0.9592	0.9483	0.9968	0.9734	1.0248	0.6805	0.5563	nube
4.980795591177984	-73.78309299867844	0.8371	0.8263	0.8295	0.8841	0.875	0.9451	0.6114	0.5105	nube
4.980794095450913	-73.78228459981808	0.9636	0.9279	0.9052	0.9517	0.9267	0.8025	0.6671	0.5512	nube
4.980792598731147	-73.7814762012036	0.9556	0.9178	0.9	0.952	0.9351	0.8713	0.691	0.6092	nube
4.97998965853207	-73.78390288152335	0.7938	0.8037	0.8192	0.8806	0.8856	1.0136	0.6182	0.5306	nube
4.979988164041181	-73.78309448340299	0.8709	0.8329	0.809	0.8392	0.8122	0.7383	0.5133	0.4131	nube
4.979986668557757	-73.78228608552836	0.9846	0.9529	0.9341	0.9812	0.9571	0.8833	0.6732	0.5552	nube
4.979985172081798	-73.7814776878996	1.0441	1.0046	0.9737	1.0161	0.9807	0.877	0.7052	0.5773	nube
4.979179241644393	-73.78228757099473	0.9868	0.9369	0.9002	0.9393	0.9085	0.8096	0.6359	0.5164	nube
5.004333643142622	-73.8509586082975	0.8627	0.8342	0.8109	0.8562	0.8397	0.7352	0.7306	0.6445	nube
5.0043322241351555	-73.8501501607055	0.8712	0.8581	0.848	0.8976	0.8859	0.8896	0.7845	0.6963	nube
5.004330804130184	-73.84934171334571	0.6704	0.6503	0.6354	0.677	0.6787	0.7391	0.5916	0.5074	nube
5.004329383127707	-73.84853326621831	0.8014	0.7841	0.776	0.827	0.8228	0.7473	0.7394	0.6605	nube
5.003527614482876	-73.85176846372441	0.69	0.6653	0.6469	0.6892	0.6894	0.6926	0.6141	0.5325	nube
5.003526196702838	-73.85096001689088	0.8432	0.8259	0.8154	0.8657	0.8586	0.8376	0.7563	0.6749	nube
5.00352477792545	-73.8501515702894	0.7687	0.7616	0.765	0.8286	0.8362	0.8873	0.7506	0.6681	nube
5.0373707075136025	-73.81290195938755	0.5466	0.5381	0.5217	0.5607	0.5783	0.5347	0.5444	0.4989	nube
5.037369231879515	-73.81209348213793	0.5747	0.578	0.5712	0.6189	0.6403	0.6353	0.6302	0.6005	nube
5.036564747288955	-73.81371190077672	0.4309	0.4428	0.4458	0.4979	0.538	0.493	0.5388	0.5204	nube
5.036563272896481	-73.81290342428443	0.4674	0.4724	0.4762	0.528	0.564	0.6004	0.5559	0.5323	nube
5.042967419781308	-73.78297794287904	0.592	0.6005	0.5831	0.6413	0.7164	0.4942	0.7436	0.6319	nube
5.042965905291765	-73.78216946763243	1.0367	1.0199	0.9971	1.0867	1.152	0.9543	1.1887	1.1208	nube
5.042159994209989	-73.7829794463745	0.9545	0.9097	0.8637	0.93	0.9926	0.829	0.963	0.8524	nube
5.042158479964136	-73.78217097212608	1.3464	1.2984	1.248	1.3097	1.3133	1.5102	1.2874	1.2355	nube
5.041352568618217	-73.78298094962612	1.0666	1.0206	0.9706	1.0213	1.0374	1.0532	0.9857	0.8764	nube
5.041351054616053	-73.7821724763757	0.9573	0.9619	0.9556	1.035	1.066	1.7165	1.0553	1.0302	nube
5.040546655759805	-73.78379092513231	0.7547	0.7791	0.7803	0.8729	0.9584	0.6527	0.9444	0.9035	nube
4.901857368224527	-73.89236043995595	0.0549	0.0817	0.0945	0.1378	0.1891	0.2029	0.3061	0.2056	roca
4.901051246488491	-73.89317010381866	0.0565	0.0863	0.1011	0.1448	0.199	0.2354	0.32	0.2167	roca
4.9010499077225385	-73.89236176985801	0.0466	0.0715	0.0783	0.1233	0.1798	0.2214	0.2914	0.1947	roca
4.901048567979709	-73.89155343612093	0.0515	0.0735	0.0866	0.1257	0.1668	0.1961	0.3124	0.2155	roca
4.900242447200736	-73.89236309953833	0.0502	0.0724	0.0873	0.1235	0.1606	0.2167	0.3179	0.2227	roca
4.900241107679669	-73.89155476677114	0.0498	0.0742	0.0873	0.1255	0.1704	0.2049	0.3102	0.2146	roca
4.892146327027119	-73.87944324184792	0.0409	0.0611	0.0745	0.1049	0.1547	0.2003	0.2453	0.1636	roca
4.892144974122235	-73.87863492236973	0.0478	0.0682	0.089	0.116	0.1474	0.167	0.2743	0.1894	roca
4.931718508900748	-73.88341901217487	0.0439	0.0655	0.0665	0.1047	0.184	0.2308	0.2134	0.133	roca
